Model;Shapiro Stat;p-value
2DCNN;0.9270555993916717;0.41956345357143326
AE;0.7724102593228439;0.006691274833906592
Bayes;0.7789960354240278;0.008048829758084812
DT;0.840763638804408;0.04506351168523363
KNN;0.9628308314131778;0.8176065690776422
LR;0.8612851993272075;0.07901697604756175
MLP;0.8364932583755239;0.0400516393688606
RF;0.9815396896973728;0.9728718669528617
SVM;0.8188717789488762;0.024558190215511165
