Model;Shapiro Stat;p-value
2DCNN;0.9639704314095839;0.8300183797078424
AE;0.7798034256418709;0.008233156025244472
Bayes;0.9526238642246985;0.6995912503535537
DT;0.906160210646493;0.2556429748698631
KNN;0.9682661679797204;0.8743203667149575
LR;0.9825279478139234;0.9772499128017669
MLP;0.9418551432577142;0.5738349546985304
RF;0.9425951103236001;0.5822346830356833
SVM;0.9082371678005158;0.2691004343442653
