Model;Shapiro Stat;p-value
2DCNN;0.9274881838949924;0.42364543291589185
AE;0.7705645885729386;0.0063536503684956695
Bayes;0.8203060615489808;0.025558917240274374
DT;0.8428170304206886;0.04768696680828481
KNN;0.962964467240147;0.8190740703524815
LR;0.8601586092625286;0.0766380903972197
MLP;0.8333395371459127;0.03670517547912581
RF;0.979849537040075;0.9643577689523977
SVM;0.8381093836965076;0.041880666204995205
