Algorithm;Accuracy;Balanced Accuracy;Precision;Recall;Specificity;F1-score;False Alarm Rate;tn;fp;fn;tp;training_duration;evaluation_duration
KNN;0.992149430513382;0.9944217383861542;0.9995699405670166;0.9910768687725067;0.9977666199207306;0.9953052520751953;0.002233382244594395;17763.4400390625;39.75999984741211;832.0200073242188;92411.38125;0.21029115170240403;9.398190593719482
LR;0.9798990726470947;0.9690658509731293;0.9909949481487275;0.9850119769573211;0.9531197547912598;0.9879943013191224;0.0468802522867918;16968.6001953125;834.6000061035156;1397.5400024414062;91845.85859375;1.012137234210968;0.00329741477034986
SVM;0.9518172204494476;0.9379550516605377;0.9828495144844055;0.9583434998989105;0.917566591501236;0.9690001845359802;0.08243340763729065;16336.6201171875;1466.5799831390382;3883.960009765625;89359.43984375;197.97050018310546;52.362937927246094
RF;0.9950154304504395;0.9967403829097747;0.9998617470264435;0.9942011654376983;0.9992796003818512;0.9970234036445618;0.0007203934888821095;17790.380078125;12.820000171661377;540.7;92702.7;45.71128273010254;0.6465635120868682
Bayes;0.9818077981472015;0.9664210915565491;0.9892626404762268;0.9890696942806244;0.943772429227829;0.9891661107540131;0.056227541714906695;16802.19921875;1001.0;1019.1800109863282;92224.22109375;0.07189340516924858;0.010106644686311483
DT;0.9950318157672882;0.9968416571617127;0.9999050974845887;0.9941773653030396;0.9995059490203857;0.9970329880714417;0.0004940441634971648;17794.3998046875;8.800000095367432;542.9;92700.49921875;0.4786364883184433;0.08479276224970818
AE;0.9797366082668304;0.9676300346851349;0.9903688132762909;0.9854511082172394;0.9498090028762818;0.9878691732883453;0.05019100867211819;16909.680078125;893.5200073242188;1356.6600036621094;91886.740625;12.423873901367188;1.6021822333335876
MLP;0.9920952022075653;0.9942135870456695;0.9994860470294953;0.9910956203937531;0.9973316133022309;0.9952731132507324;0.0026683978736400603;17755.6802734375;47.52000007629395;830.2799926757813;92413.11953125;99.69912796020508;0.22845965921878814
2DCNN;0.9907199263572692;0.9916551411151886;0.9986599445343017;0.9902774751186371;0.993032842874527;0.994450843334198;0.006967168860137462;17679.2400390625;123.96000061035156;906.5599975585938;92336.840625;100.79384384155273;2.080423152446747
