Algorithm;Accuracy;Balanced Accuracy;Precision;Recall;Specificity;F1-score;False Alarm Rate;tn;fp;fn;tp;training_duration;evaluation_duration
GRU;0.9576857686042786;0.9212824702262878;0.9656947255134583;0.9820088148117065;0.8605561256408691;0.9737554788589478;0.13944388926029205;52190.19921875;8455.2001953125;4355.2001953125;237743.796875;172.25352478027344;0.0
GRU;0.956743061542511;0.9180048108100891;0.9640730023384094;0.9826164245605469;0.8533931970596313;0.9731586575508118;0.14660677313804626;51756.6015625;8888.7998046875;4207.0;237892.0;181.6527862548828;0.0
GRU;0.9527925252914429;0.9214790463447571;0.9674979448318481;0.9737375378608704;0.8692206144332886;0.9705362319946289;0.13077929615974426;52713.0;7932.39990234375;6359.39990234375;235739.59375;203.19793701171875;0.0
