Model;Shapiro Stat;p-value
2DCNN;0.9860052014263417;0.9891881210252287
AE;0.5550789439673522;0.000016193104618873666
Bayes;0.628618864760438;0.00012155193448351145
DT;0.9782427310559291;0.955073709420889
KNN;0.9695141675560529;0.8863044915693752
LR;0.9263744585558369;0.4131924811502573
MLP;0.9719852681987945;0.9086167956631732
RF;0.9498430788842852;0.6666442846548561
SVM;0.9538443816882569;0.7140488011659564
