Model;Shapiro Stat;p-value
2DCNN;0.9412611304658789;0.5671299731758818
AE;0.5359960018763018;9.637115375213314e-6
Bayes;0.940572849720826;0.5594051291944319
DT;0.9844372147873348;0.9844619382950043
KNN;0.9003848193758303;0.22123710110959355
LR;0.9179708760325281;0.34034167814726246
MLP;0.930099472074809;0.44887130605104236
RF;0.9497234225826807;0.6652292651029487
SVM;0.9124474688840327;0.29822924432091824
