Model;Shapiro Stat;p-value
2DCNN;0.98571761107723;0.9883997440909624
AE;0.550568186573873;0.000014321554951558801
Bayes;0.6820082022407298;0.0005335968128886737
DT;0.9782938734450437;0.9553868149463262
KNN;0.9692762349441225;0.8840546635087798
LR;0.9350745818952484;0.4996143728089688
MLP;0.971803593485914;0.9070451904472203
RF;0.9521553634219465;0.6940372966006118
SVM;0.9542352614217473;0.718672567721264
